{
	"info": {
		"_postman_id": "a1b2c3d4-e5f6-g7h8-i9j0-k1l2m3n4o5p6",
		"name": "Supermarket API",
		"description": "Coleção de requisições para testar a API do Supermercado",
		"schema": "https://schema.getpostman.com/json/collection/v2.1.0/collection.json"
	},
	"item": [
		{
			"name": "Auth",
			"item": [
				{
					"name": "Register",
					"request": {
						"method": "POST",
						"header": [
							{
								"key": "Content-Type",
								"value": "application/json"
							}
						],
						"body": {
							"mode": "raw",
							"raw": "{\n    \"name\": \"Maria Silva\",\n    \"email\": \"maria.silva@example.com\",\n    \"password\": \"Password123!\"\n}"
						},
						"url": {
							"raw": "{{baseUrl}}/api/auth/register",
							"host": [
								"{{baseUrl}}"
							],
							"path": [
								"api",
								"auth",
								"register"
							]
						},
						"description": "Registra um novo usuário no sistema"
					}
				},
				{
					"name": "Login",
					"request": {
						"method": "POST",
						"header": [
							{
								"key": "Content-Type",
								"value": "application/json"
							}
						],
						"body": {
							"mode": "raw",
							"raw": "{\n    \"email\": \"maria.silva@example.com\",\n    \"password\": \"Password123!\"\n}"
						},
						"url": {
							"raw": "{{baseUrl}}/api/auth/login",
							"host": [
								"{{baseUrl}}"
							],
							"path": [
								"api",
								"auth",
								"login"
							]
						},
						"description": "Realiza login e retorna o token JWT"
					}
				}
			]
		},
		{
			"name": "Products",
			"item": [
				{
					"name": "List Products",
					"request": {
						"method": "GET",
						"header": [
							{
								"key": "Authorization",
								"value": "Bearer {{token}}"
							}
						],
						"url": {
							"raw": "{{baseUrl}}/api/products?category=bebidas&minPrice=10&maxPrice=50&page=1&limit=10",
							"host": [
								"{{baseUrl}}"
							],
							"path": [
								"api",
								"products"
							],
							"query": [
								{
									"key": "category",
									"value": "bebidas",
									"description": "Filtrar por categoria"
								},
								{
									"key": "minPrice",
									"value": "10",
									"description": "Preço mínimo"
								},
								{
									"key": "maxPrice",
									"value": "50",
									"description": "Preço máximo"
								},
								{
									"key": "page",
									"value": "1",
									"description": "Número da página"
								},
								{
									"key": "limit",
									"value": "10",
									"description": "Itens por página"
								}
							]
						},
						"description": "Lista todos os produtos com filtros opcionais"
					}
				},
				{
					"name": "Get Product by ID",
					"request": {
						"method": "GET",
						"header": [
							{
								"key": "Authorization",
								"value": "Bearer {{token}}"
							}
						],
						"url": {
							"raw": "{{baseUrl}}/api/products/1",
							"host": [
								"{{baseUrl}}"
							],
							"path": [
								"api",
								"products",
								"1"
							]
						},
						"description": "Obtém um produto específico pelo ID"
					}
				},
				{
					"name": "Create Product",
					"request": {
						"method": "POST",
						"header": [
							{
								"key": "Authorization",
								"value": "Bearer {{token}}"
							},
							{
								"key": "Content-Type",
								"value": "application/json"
							}
						],
						"body": {
							"mode": "raw",
							"raw": "{\n    \"name\": \"Refrigerante Cola\",\n    \"description\": \"Refrigerante sabor cola 2L\",\n    \"price\": 8.99,\n    \"category\": \"bebidas\",\n    \"stock\": 100\n}"
						},
						"url": {
							"raw": "{{baseUrl}}/api/products",
							"host": [
								"{{baseUrl}}"
							],
							"path": [
								"api",
								"products"
							]
						},
						"description": "Cria um novo produto"
					}
				},
				{
					"name": "Update Product",
					"request": {
						"method": "PUT",
						"header": [
							{
								"key": "Authorization",
								"value": "Bearer {{token}}"
							},
							{
								"key": "Content-Type",
								"value": "application/json"
							}
						],
						"body": {
							"mode": "raw",
							"raw": "{\n    \"price\": 7.99,\n    \"stock\": 150\n}"
						},
						"url": {
							"raw": "{{baseUrl}}/api/products/1",
							"host": [
								"{{baseUrl}}"
							],
							"path": [
								"api",
								"products",
								"1"
							]
						},
						"description": "Atualiza um produto existente"
					}
				},
				{
					"name": "Delete Product",
					"request": {
						"method": "DELETE",
						"header": [
							{
								"key": "Authorization",
								"value": "Bearer {{token}}"
							}
						],
						"url": {
							"raw": "{{baseUrl}}/api/products/1",
							"host": [
								"{{baseUrl}}"
							],
							"path": [
								"api",
								"products",
								"1"
							]
						},
						"description": "Remove um produto"
					}
				},
				{
					"name": "Upload Product Image",
					"request": {
						"method": "POST",
						"header": [
							{
								"key": "Authorization",
								"value": "Bearer {{token}}"
							}
						],
						"body": {
							"mode": "formdata",
							"formdata": [
								{
									"key": "image",
									"type": "file",
									"src": []
								}
							]
						},
						"url": {
							"raw": "{{baseUrl}}/api/products/1/image",
							"host": [
								"{{baseUrl}}"
							],
							"path": [
								"api",
								"products",
								"1",
								"image"
							]
						},
						"description": "Faz upload da imagem de um produto"
					}
				}
			]
		}
	],
	"event": [
		{
			"listen": "prerequest",
			"script": {
				"type": "text/javascript",
				"exec": [
					""
				]
			}
		},
		{
			"listen": "test",
			"script": {
				"type": "text/javascript",
				"exec": [
					""
				]
			}
		}
	],
	"variable": [
		{
			"key": "baseUrl",
			"value": "http://localhost:3333",
			"type": "string"
		},
		{
			"key": "token",
			"value": "seu_token_jwt_aqui",
			"type": "string"
		}
	]
}
